player_id,player_name,birth_date,country,position,bats,throws,sign_date,signing_bonus_usd,source_updated_at
INT-0001,Andres Kim,1999-09-06,Venezuela,OF,R,R,2018-07-02,22000.0,2025-02-26
INT-0002,Ji-ho Sato,2003-03-03,Cuba,C,R,L,2021-07-02,25000.0,2025-05-25
INT-0003,Haruto Kim,2003-01-15,Dominican Republic,C,R,R,2019-07-02,55000.0,2025-08-06
INT-0004,Luis Estrada,2004-09-26,Venezuela,RHP,R,R,2021-07-02,99000.0,2025-06-04
INT-0005,Seong-hyun Garcia,2006-08-13,Dominican Republic,OF,R,R,2024-07-02,38000.0,2025-06-13
INT-0006,Yun-seo Vargas,2004-07-03,South Korea,IF,R,R,2022-07-02,216000.0,2025-01-07
INT-0007,Seong-hyun Benitez,2002-08-04,Dominican Republic,LHP,R,L,2020-07-02,97000.0,2025-04-01
INT-0008,Carlos Castillo,2005-02-25,Japan,C,R,R,2023-07-02,79000.0,2025-06-10
INT-0009,Omar Castillo,2002-11-14,Dominican Republic,OF,R,R,2020-07-02,81000.0,2025-01-03
INT-0010,Luis Han,2005-04-22,Venezuela,RHP,R,R,2023-07-02,25000.0,2025-02-16
INT-0011,Carlos Sato,2006-01-05,Dominican Republic,C,R,L,2023-07-02,43000.0,2025-09-16
INT-0012,Luis Navarro,2000-12-12,MEX,RHP,S,R,2018-07-02,779000.0,2025-05-13
INT-0013,Ji-ho Jimenez,2006-06-08,Venezuela,IF,R,R,2022-07-02,58000.0,2025-02-08
INT-0014,Esteban Tanaka,2001-02-17,Japan,IF,L,R,2020-07-02,135000.0,2025-09-09
INT-0015,Emilio Rojas,2007-04-27,Dominican Republic,C,S,R,2025-07-02,30000.0,2025-08-25
INT-0016,Esteban Han,1999-10-10,Mexico,LHP,S,L,2018-07-02,159000.0,2025-09-07
INT-0017,Alejandro Dominguez,2005-03-10,Cuba,RHP,R,R,2023-07-02,19000.0,2025-09-01
INT-0018,Diego Herrera,2007-02-09,Dominican Republic,IF,L,R,2025-07-02,24000.0,2025-08-04
INT-0019,Jorge Dominguez,2007-04-04,Colombia,LHP,R,L,2024-07-02,51000.0,2025-06-15
INT-0020,Daniel Sato,2005-06-01,Dominican Republic,RHP,L,R,2024-07-02,76000.0,2025-06-03
INT-0021,Gabriel Park,2002-07-21,KOR,RHP,R,R,2020-07-02,10000.0,2025-03-07
INT-0022,Ruben Nakamura,2006-01-13,Cuba,RHP,S,R,2024-07-02,64000.0,2025-02-08
INT-0023,Rafael Estrada,2005-01-06,Dominican Republic,RHP,R,R,2021-07-02,45000.0,2025-07-24
INT-0024,Ji-ho Choi,2007-03-07,Dominican Republic,RHP,L,R,2023-07-02,80000.0,2025-04-25
INT-0025,Ren Dominguez,2001-12-09,Cuba,OF,R,R,2020-07-02,67000.0,2025-09-24
INT-0026,Seong-hyun Ramirez,2001-04-02,Venezuela,IF,R,R,2018-07-02,10000.0,2025-04-11
INT-0027,Diego Tanaka,2005-11-24,Dominican Republic,OF,L,R,2022-07-02,206000.0,2025-07-18
INT-0028,Andres Lopez,2004-09-14,Japan,RHP,R,L,2023-07-02,271000.0,2025-07-04
INT-0029,Omar Rojas,2003-10-27,South Korea,IF,L,R,2022-07-02,16000.0,2025-02-16
INT-0030,Adrian Vargas,2005-10-25,Venezuela,IF,R,R,2024-07-02,323000.0,2025-05-18
INT-0031,Kaito Perez,2005-05-20,South Korea,IF,R,R,2024-07-02,63000.0,2025-01-26
INT-0032,Nicolas Ramirez,2000-07-26,Venezuela,IF,L,L,2019-07-02,202000.0,2025-04-04
INT-0033,Felix Choi,2003-08-01,Mexico,RHP,R,R,2021-07-02,24000.0,2025-01-09
INT-0034,Mateo Quintero,2002-12-02,South Korea,RHP,R,L,2021-07-02,47000.0,2025-08-01
INT-0035,Esteban Herrera,2006-03-01,Dominican Republic,OF,L,R,2025-07-02,172000.0,2025-09-07
INT-0036,Gabriel Choi,2007-12-04,Dominican Republic,OF,L,R,2025-07-02,400000.0,2025-05-05
INT-0037,Seong-hyun Nakamura,1999-09-15,Dominican Republic,LHP,S,L,2018-07-02,31000.0,2025-05-20
INT-0038,Jorge Fernandez,2002-12-16,Dominican Republic,RHP,S,R,2019-07-02,110000.0,2025-04-16
INT-0039,Nicolas Yamamoto,2000-02-13,Japan,OF,R,R,2018-07-02,82000.0,2025-06-12
INT-0040,Ji-ho Mori,2000-05-23,Mexico,C,R,R,2018-07-02,10000.0,2025-01-16
INT-0041,Isaac Vargas,2004-08-17,Japan,IF,R,R,2021-07-02,47000.0,2025-08-20
INT-0042,Nicolas Han,2005-07-08,Colombia,C,R,R,2024-07-02,197000.0,2025-06-10
INT-0043,Marco Fernandez,2007-01-12,Venezuela,IF,R,R,2025-07-02,11000.0,2025-05-26
INT-0044,Andres Mendez,2005-09-04,South Korea,LHP,R,L,2023-07-02,90000.0,2025-05-05
INT-0045,Ren Fernandez,2007-07-06,Cuba,OF,R,R,2025-07-02,114000.0,2025-01-12
INT-0046,Marco Sanchez,2001-11-26,Dominican Rep.,RHP,R,R,2018-07-02,46000.0,2025-03-07
INT-0047,Seong-hyun Park,2002-09-22,Mexico,IF,L,R,2021-07-02,119000.0,2025-05-21
INT-0048,Ren Choi,2001-08-04,Venezuela,OF,L,R,2020-07-02,31000.0,2025-01-10
INT-0049,Hector Garcia,2005-06-12,Dominican Republic,OF,L,L,2022-07-02,10000.0,2025-08-17
INT-0050,Kenji Sanchez,2003-09-08,South Korea,OF,R,R,2022-07-02,237000.0,2025-09-18
INT-0051,Jorge Mendez,2006-09-27,Panama,LHP,R,L,2024-07-02,31000.0,2025-08-27
INT-0052,Yun-seo Ramirez,1999-10-18,Panama,C,R,R,2018-07-02,69000.0,2025-09-02
INT-0053,Isaac Dominguez,2004-10-01,Japan,IF,L,R,2023-07-02,14000.0,2025-04-01
INT-0054,Omar Torres,2005-05-19,Japan,RHP,L,R,2024-07-02,604000.0,2025-07-16
INT-0055,Luis Ortega,2006-03-19,Dominican Republic,OF,R,R,2022-07-02,458000.0,2025-05-04
INT-0056,Carlos Vargas,2005-08-02,Panama,IF,R,R,2022-07-02,-5000.0,2025-05-01
INT-0057,Gabriel Ramirez,2003-06-24,,LHP,R,L,2022-07-02,55000.0,2025-06-09
INT-0058,Kenji Quintero,2000-08-17,Mexico,IF,S,R,2018-07-02,46000.0,2025-01-16
INT-0059,Felix Lee,2006-06-26,South Korea,C,R,R,2025-07-02,76000.0,2025-03-26
INT-0060,Min-jun Torres,2007-12-20,Venezuela,RHP,R,R,2023-07-02,16000.0,2025-01-02
INT-0061,Yun-seo Dominguez,2007-09-13,Venezuela,RHP,R,R,2023-07-02,90000.0,2025-02-01
INT-0062,Carlos Torres,2002-06-15,Venezuela,LHP,R,L,2021-07-02,10000.0,2025-08-19
INT-0063,Hector Herrera,2003-01-14,Venezuela,OF,S,R,2020-07-02,72000.0,2025-09-06
INT-0064,Seong-hyun Benitez 2,2003-03-03,Dominican Republic,IF,L,R,2021-07-02,59000.0,2025-09-21
INT-0065,Ruben Choi,2004-06-27,Dominican Republic,OF,L,R,2022-07-02,453000.0,2025-03-06
INT-0066,Mateo Perez,2006-01-20,Venezuela,RHP,L,R,2023-07-02,245000.0,2025-02-25
INT-0067,Daniel Mori,2005-09-02,Dominican Republic,RHP,S,R,2021-07-02,59000.0,2025-04-04
INT-0068,Rafael Han,2000-08-05,Colombia,IF,L,R,2018-07-02,47000.0,2025-01-17
INT-0069,Diego Herrera 2,2004-08-06,CUB,RHP,L,L,2022-07-02,187000.0,2025-02-12
INT-0070,Daichi Torres,2002-07-12,Dominican Republic,OF,R,L,2019-07-02,45000.0,2025-03-05
INT-0071,Haruto Garcia,2001-03-10,Cuba,OF,L,R,2018-07-02,13000.0,2025-05-22
INT-0072,Omar Vargas,2005-11-24,Dominican Republic,OF,S,R,2024-07-02,36000.0,2025-08-20
INT-0073,Daichi Han,2002-08-16,Venezuela,LHP,R,L,2020-07-02,24000.0,2025-04-11
INT-0074,Isaac Ortega,2001-09-02,Dominican Republic,RHP,S,R,2018-07-02,94000.0,2025-05-06
INT-0075,Ruben Fernandez,2003-04-04,Mexico,C,R,R,2019-07-02,10000.0,2025-02-08
INT-0076,Hector Kim,1999-12-17,Cuba,OF,R,R,2018-07-02,67000.0,2025-08-23
INT-0077,Kaito Mori,1999-04-13,Mexico,RHP,R,R,2018-07-02,193000.0,2025-01-21
INT-0078,Adrian Kim,2002-02-07,Dominican Rep.,OF,R,R,2021-07-02,13000.0,2025-02-07
INT-0079,Kenji Yamamoto,2005-05-15,CUB,OF,S,R,2023-07-02,83000.0,2025-03-14
INT-0080,Gabriel Sanchez,2006-06-10,MEX,IF,R,R,2022-07-02,225000.0,2025-09-06
INT-0081,Diego Jimenez,2000-12-01,Dominican Republic,RHP,R,L,2018-07-02,65000.0,2025-02-23
INT-0082,Seong-hyun Nakamura 2,2006-12-19,Venezuela,RHP,L,R,2023-07-02,211000.0,2025-08-06
INT-0083,Emilio Quintero,2005-01-15,VEN,IF,R,R,2024-07-02,51000.0,2025-05-11
INT-0084,Daniel Quintero,2005-06-09,Venezuela,IF,R,R,2023-07-02,10000.0,2025-09-23
INT-0085,Rafael Benitez,2005-09-08,VZ,OF,R,R,2024-07-02,156000.0,2025-04-11
INT-0086,Kenji Valdez,2005-11-09,JPN,C,R,R,2022-07-02,95000.0,2025-03-19
INT-0087,Daniel Sato 2,2006-04-22,Japan,RHP,R,R,2022-07-02,18000.0,2025-07-04
INT-0088,Felix Lopez,2005-03-26,Japan,OF,L,R,2023-07-02,13000.0,2025-07-27
INT-0089,Mateo Ortega,2003-05-19,Japan,RHP,R,R,2022-07-02,216000.0,2025-07-14
INT-0090,Luis Sato,2002-11-26,Venezuela,RHP,L,R,2021-07-02,25000.0,2025-06-13
INT-0091,Ren Herrera,2001-04-13,Japan,LHP,R,L,2019-07-02,132000.0,2025-04-01
INT-0092,Alejandro Martinez,2001-02-19,South Korea,OF,R,R,2020-07-02,13000.0,2025-04-17
INT-0093,Kenji Quintero 2,2007-02-16,Panama,RHP,L,R,2025-07-02,20000.0,2025-02-12
INT-0094,Mateo Valdez,2006-08-01,Venezuela,IF,R,R,2025-07-02,327000.0,2025-02-12
INT-0095,Emilio Benitez,2001-10-19,Japan,LHP,L,L,2020-07-02,108000.0,2025-02-14
INT-0096,Esteban Han 2,2007-02-09,Dominican Republic,OF,R,R,2023-07-02,78000.0,2025-01-01
INT-0097,Hector Sato,1999-02-02,,RHP,R,R,2018-07-02,92000.0,2025-06-07
INT-0098,Hector Kim 2,2005-06-09,Venezuela,IF,R,R,2022-07-02,23000.0,2025-02-05
INT-0099,Alejandro Park,2006-02-27,Venezuela,OF,S,R,2024-07-02,328000.0,2025-06-06
INT-0100,Marco Sato,1999-07-21,Dominican Republic,IF,L,R,2018-07-02,283000.0,2025-06-08
INT-0101,Gabriel Perez,2002-07-05,South Korea,OF,L,R,2019-07-02,156000.0,2025-04-01
INT-0102,Adrian Garcia,2006-03-23,Colombia,IF,R,R,2025-07-02,344000.0,2025-05-06
INT-0103,Gabriel Tanaka,2002-03-03,Dominican Republic,RHP,R,R,2019-07-02,48000.0,2025-05-10
INT-0104,Hector Jimenez,2006-11-01,Mexico,RHP,R,R,2025-07-02,10000.0,2025-09-21
INT-0105,Carlos Park,2002-01-06,Mexico,OF,R,L,2019-07-02,163000.0,2025-03-14
INT-0106,Mateo Sanchez,2006-05-22,Panama,LHP,L,L,2024-07-02,211000.0,2025-01-16
INT-0107,Rafael Navarro,2006-08-11,Venezuela,C,R,R,2025-07-02,33000.0,2025-03-18
INT-0108,Isaac Valdez,1999-05-15,Venezuela,LHP,R,L,2018-07-02,79000.0,2025-07-21
INT-0109,Nicolas Jimenez,2000-08-03,Cuba,OF,R,R,2018-07-02,256000.0,2025-06-02
INT-0110,Daichi Tanaka,2002-09-05,México,RHP,R,R,2021-07-02,16000.0,2025-09-11
INT-0111,Yun-seo Vargas 2,2002-10-05,Dominican Rep.,RHP,R,R,2019-07-02,43000.0,2025-09-24
INT-0112,Rafael Navarro 2,2003-06-07,Dominican Republic,OF,R,R,2021-07-02,10000.0,2025-08-22
INT-0113,Esteban Park,2005-11-02,D.R.,LHP,L,L,2021-07-02,43000.0,2025-02-11
INT-0114,Ji-ho Mori 2,2007-07-26,Dominican Republic,C,S,R,2023-07-02,23000.0,2025-03-22
INT-0115,Jorge Mendez 2,2007-11-24,Dominican Republic,IF,S,L,2025-07-02,22000.0,2025-06-02
INT-0116,Emilio Yamamoto,2002-01-09,Dominican Republic,OF,R,L,2021-07-02,33000.0,2025-08-16
INT-0117,Ren Ortega,2000-12-08,Venezuela,RHP,L,R,2018-07-02,130000.0,2025-05-23
INT-0118,Daniel Mendez,2004-02-25,Cuba,OF,L,R,2023-07-02,295000.0,2025-05-13
INT-0119,Yun-seo Ortega,2000-02-20,Venezuela,LHP,R,L,2018-07-02,251000.0,2025-03-05
INT-0120,Yun-seo Garcia,2002-07-18,Panamá,RHP,R,R,2021-07-02,18000.0,2025-02-16
INT-0121,Isaac Quintero,2006-03-14,MEX,IF,R,R,2025-07-02,952000.0,2025-04-12
INT-0122,Santiago Rojas,2000-07-12,Venezuela,OF,R,R,2018-07-02,331000.0,2025-09-05
INT-0123,Ren Quintero,2004-06-15,Dominican Rep.,RHP,R,R,2022-07-02,21000.0,2025-09-02
INT-0124,Kaito Vargas,2004-01-17,Dominican Republic,IF,L,R,2023-07-02,144000.0,2025-07-22
INT-0125,Kenji Perez,2005-08-09,,OF,R,R,2022-07-02,40000.0,2025-04-14
INT-0126,Alejandro Nakamura,2004-09-10,Venezuela,RHP,R,R,2020-07-02,120000.0,2025-01-26
INT-0127,Ji-ho Estrada,2001-07-06,D.R.,LHP,R,L,2020-07-02,155000.0,2025-08-04
INT-0128,Javier Jimenez,2005-07-23,Dominican Republic,RHP,L,R,2023-07-02,18000.0,2025-04-23
INT-0129,Felix Herrera,2001-06-10,,RHP,R,R,2018-07-02,14000.0,2025-07-09
INT-0130,Yun-seo Navarro,1999-12-10,Dominican Republic,IF,S,L,2018-07-02,10000.0,2025-05-22
INT-0131,Isaac Ramirez,2004-06-13,Dominican Republic,RHP,R,R,2021-07-02,36000.0,2025-02-22
INT-0132,Andres Choi,2000-11-05,Panama,OF,R,R,2018-07-02,59000.0,2025-06-09
INT-0133,Emilio Fernandez,2004-12-21,Dominican Republic,RHP,L,R,2021-07-02,40000.0,2025-09-25
INT-0134,Min-jun Estrada,2002-03-26,Japan,OF,R,R,2019-07-02,10000.0,2025-06-21
INT-0135,Rafael Ortega,2005-01-16,Cuba,RHP,L,R,2023-07-02,10000.0,2025-02-11
INT-0136,Hector Nakamura,2000-03-16,Venezuela,RHP,S,R,2018-07-02,12000.0,2025-06-11
INT-0137,Esteban Quintero,1999-10-27,Dominican Republic,IF,R,R,2018-07-02,458000.0,2025-02-25
INT-0138,Nicolas Lee,2000-04-08,D.R.,LHP,R,L,2018-07-02,10000.0,2025-03-01
INT-0139,Andres Fernandez,2000-03-11,MEX,OF,L,R,2019-07-02,189000.0,2025-01-17
INT-0140,Nicolas Kim,2000-12-03,D.R.,OF,L,R,2018-07-02,38000.0,2025-06-08
INT-0141,Jorge Dominguez 2,2005-07-14,Dominican Republic,C,L,R,2023-07-02,145000.0,2025-03-15
INT-0142,Ji-ho Garcia,1999-09-22,South Korea,OF,S,R,2018-07-02,1512000.0,2025-06-12
INT-0143,Santiago Han,2004-05-17,Dominican Republic,OF,L,R,2023-07-02,18000.0,2025-09-23
INT-0144,Omar Alvarez,2001-07-17,Dominican Republic,IF,R,L,2018-07-02,45000.0,2025-08-02
INT-0145,Isaac Nakamura,2001-09-20,Dominican Republic,OF,R,R,2020-07-02,157000.0,2025-04-26
INT-0146,Luis Yamamoto,2007-07-03,Mexico,IF,L,R,2024-07-02,37000.0,2025-09-16
INT-0147,Daniel Estrada,2005-12-23,Panama,OF,R,L,2022-07-02,31000.0,2025-01-02
INT-0148,Adrian Estrada,1999-10-02,Cuba,IF,R,R,2018-07-02,18000.0,2025-02-13
INT-0149,Andres Fernandez 2,2002-02-21,KOR,RHP,R,R,2018-07-02,47000.0,2025-02-09
INT-0150,Min-jun Garcia,2000-04-27,Japan,OF,L,R,2018-07-02,838000.0,2025-03-19
INT-0151,Santiago Tanaka,2005-06-02,Japan,RHP,R,R,2022-07-02,228000.0,2025-05-15
INT-0152,Alejandro Kim,1999-08-20,Venezuela,C,R,R,2018-07-02,70000.0,2025-07-14
INT-0153,Mateo Quintero 2,2007-12-14,Venezuela,C,R,R,2024-07-02,75000.0,2025-05-20
INT-0154,Ren Benitez,1999-12-27,Mexico,RHP,L,R,2018-07-02,42000.0,2025-03-25
INT-0155,Omar Torres 2,2002-12-22,South Korea,OF,S,L,2018-07-02,51000.0,2025-01-15
INT-0156,Hector Sato 2,2001-03-11,Cuba,OF,S,L,2019-07-02,108000.0,2025-06-22
INT-0157,Omar Jimenez,1999-07-05,Venezuela,IF,R,R,2018-07-02,34000.0,2025-04-06
INT-0158,Nicolas Choi,1999-10-27,Venezuela,RHP,R,R,2018-07-02,54000.0,2025-01-02
INT-0159,Daichi Vargas,1999-02-15,Dominican Republic,OF,S,R,2018-07-02,222000.0,2025-05-05
INT-0160,Santiago Han 2,2007-03-22,MEX,RHP,R,R,2025-07-02,10000.0,2025-07-10
INT-0161,Kaito Herrera,2003-09-10,Dominican Republic,LHP,L,L,2019-07-02,16000.0,2025-02-20
INT-0162,Alejandro Dominguez 2,2005-03-05,Venezuela,IF,L,L,2021-07-02,27000.0,2025-04-06
INT-0163,Santiago Quintero,2003-12-14,Dominican Republic,OF,R,R,2019-07-02,36000.0,2025-01-23
INT-0164,Alejandro Mori,2004-07-14,Mexico,C,R,R,2020-07-02,10000.0,2025-05-09
INT-0165,Daichi Mendez,2007-03-11,,LHP,L,L,2023-07-02,15000.0,2025-06-11
INT-0166,Emilio Choi,2003-12-04,Dominican Republic,IF,L,R,2020-07-02,10000.0,2025-03-02
INT-0167,Jorge Sanchez,2003-05-01,South Korea,LHP,L,L,2022-07-02,27000.0,2025-02-04
INT-0168,Isaac Han,2001-02-06,Venezuela,RHP,R,R,2019-07-02,61000.0,2025-03-08
INT-0169,Jorge Benitez,2001-08-21,Mexico,LHP,L,L,2018-07-02,81000.0,2025-01-11
INT-0170,Yun-seo Torres,2004-07-21,Mexico,RHP,R,R,2021-07-02,51000.0,2025-03-21
INT-0171,Kenji Lopez,2001-12-27,South Korea,IF,R,L,2020-07-02,52000.0,2025-02-01
INT-0172,Andres Ramirez,1999-06-05,Cuba,LHP,R,L,2018-07-02,111000.0,2025-01-03
INT-0173,Nicolas Perez,2007-12-27,,C,L,R,2024-07-02,89000.0,2025-03-15
INT-0174,Daichi Mendez 2,2000-01-11,Dominican Republic,LHP,R,L,2018-07-02,47000.0,2025-05-10
INT-0175,Javier Navarro,2004-05-03,,C,R,R,2023-07-02,40000.0,2025-05-04
INT-0176,Omar Herrera,2001-10-25,South Korea,RHP,R,R,2020-07-02,10000.0,2025-02-15
INT-0177,Seong-hyun Valdez,2002-01-02,Dominican Republic,IF,R,R,2021-07-02,11000.0,2025-04-08
INT-0178,Felix Garcia,2007-05-10,Venezuela,LHP,S,L,2024-07-02,92000.0,2025-04-26
INT-0179,Alejandro Torres,1999-10-02,Mexico,LHP,L,L,2018-07-02,104000.0,2025-07-09
INT-0180,Andres Quintero,2003-10-01,Dominican Republic,OF,L,R,2019-07-02,23000.0,2025-04-03
INT-0181,Min-jun Jimenez,2004-06-13,Venezuela,RHP,S,R,2021-07-02,94000.0,2025-07-09
INT-0182,Kaito Torres,2002-07-02,Venezuela,RHP,R,L,2018-07-02,736000.0,2025-01-22
INT-0183,Marco Rojas,2007-07-16,Cuba,RHP,R,R,2023-07-02,58000.0,2025-04-20
INT-0184,Felix Benitez,1999-01-14,México,OF,S,R,2018-07-02,24000.0,2025-03-09
INT-0185,Carlos Vargas 2,2003-02-20,Japan,C,R,L,2019-07-02,431000.0,2025-06-26
INT-0186,Isaac Martinez,2005-05-09,Venezuela,C,R,R,2021-07-02,116000.0,2025-01-10
INT-0187,Rafael Sato,2006-09-11,Dominican Republic,OF,R,R,2025-07-02,85000.0,2025-05-10
INT-0188,Nicolas Jimenez 2,2005-04-09,Venezuela,RHP,R,R,2023-07-02,44000.0,2025-03-27
INT-0189,Gabriel Torres,2002-01-20,COL,OF,R,R,2019-07-02,449000.0,2025-07-21
INT-0190,Adrian Torres,2004-08-26,Japan,OF,R,R,2022-07-02,77000.0,2025-02-24
INT-0191,Min-jun Sato,2007-05-20,Venezuela,RHP,R,R,2025-07-02,28000.0,2025-02-27
INT-0192,Diego Yamamoto,2004-04-19,Mexico,LHP,S,L,2020-07-02,46000.0,2025-03-21
INT-0193,Emilio Sanchez,1999-04-22,Venezuela,C,R,R,2018-07-02,11000.0,2025-01-05
INT-0194,Min-jun Navarro,1999-10-23,DOM,RHP,R,R,2018-07-02,71000.0,2025-04-27
INT-0195,Hector Garcia 2,2002-06-23,Dominican Republic,IF,L,R,2020-07-02,87000.0,2025-08-10
INT-0196,Nicolas Vargas,2005-01-14,DOM,RHP,L,R,2023-07-02,340000.0,2025-03-01
INT-0197,Kenji Benitez,2003-07-21,Cuba,RHP,R,R,2020-07-02,116000.0,2025-09-02
INT-0198,Gabriel Sanchez 2,2007-09-21,Colombia,IF,R,R,2024-07-02,113000.0,2025-07-07
INT-0199,Yun-seo Navarro 2,2000-08-16,Dominican Republic,OF,R,R,2018-07-02,156000.0,2025-03-21
INT-0200,Diego Mendez,1999-01-23,Dominican Republic,IF,S,R,2018-07-02,99000.0,2025-04-06
INT-0201,Mateo Dominguez,2000-10-19,Mexico,IF,R,R,2019-07-02,78000.0,2025-05-26
INT-0202,Nicolas Tanaka,2000-07-25,Panama,C,S,R,2018-07-02,90000.0,2025-01-06
INT-0203,Min-jun Kim,2007-09-03,Dominican Republic,OF,L,R,2023-07-02,28000.0,2025-05-09
INT-0204,Daichi Yamamoto,2000-08-12,Panama,IF,R,R,2018-07-02,15000.0,2025-08-16
INT-0205,Alejandro Benitez,2005-08-10,Venezuela,IF,R,R,2023-07-02,62000.0,2025-08-15
INT-0206,Ruben Choi 2,2002-08-05,Japan,RHP,R,R,2018-07-02,11000.0,2025-08-24
INT-0207,Alejandro Nakamura 2,2001-01-22,Mexico,LHP,R,L,2018-07-02,138000.0,2025-09-03
INT-0208,Esteban Martinez,2006-10-22,Cuba,LHP,S,L,2025-07-02,26000.0,2025-06-15
INT-0209,Ruben Valdez,2005-06-06,D.R.,OF,R,L,2021-07-02,28000.0,2025-06-26
INT-0210,Alejandro Valdez,2005-06-24,Japan,C,R,R,2021-07-02,13000.0,2025-09-06
INT-0211,Isaac Fernandez,2005-08-08,Mexico,LHP,L,L,2024-07-02,21000.0,2025-05-17
INT-0212,Santiago Sato,1999-12-25,Japan,RHP,R,R,2018-07-02,64000.0,2025-05-10
INT-0213,Seong-hyun Herrera,1999-12-12,Mexico,LHP,L,L,2018-07-02,623000.0,2025-07-26
INT-0214,Hector Lopez,2001-04-07,Japan,RHP,R,R,2018-07-02,291000.0,2025-03-11
INT-0215,Marco Benitez,1999-12-11,Dominican Republic,IF,L,R,2018-07-02,60000.0,2025-08-24
INT-0216,Daichi Dominguez,2001-11-10,Colombia,RHP,R,R,2018-07-02,237000.0,2025-01-11
INT-0217,Yun-seo Kim,2006-02-23,COL,IF,S,R,2023-07-02,52000.0,2025-08-19
INT-0218,Mateo Ramirez,1999-02-13,South Korea,RHP,L,R,2018-07-02,15000.0,2025-03-21
INT-0219,Andres Jimenez,2002-11-16,Venezuela,RHP,S,R,2021-07-02,301000.0,2025-02-12
INT-0220,Ren Valdez,2005-03-27,Venezuela,LHP,R,L,2021-07-02,245000.0,2025-03-13
INT-0221,Santiago Garcia,2005-09-23,Cuba,RHP,L,R,2024-07-02,83000.0,2025-01-18
INT-0222,Diego Choi,2001-10-11,Panamá,C,R,R,2019-07-02,10000.0,2025-03-23
INT-0223,Ren Ortega 2,2000-06-16,Venezuela,RHP,L,R,2019-07-02,14000.0,2025-03-11
INT-0224,Marco Sanchez 2,2000-06-22,Mexico,C,R,R,2019-07-02,710000.0,2025-06-08
INT-0225,Ji-ho Nakamura,2000-04-14,Dominican Republic,IF,S,R,2018-07-02,71000.0,2025-08-23
INT-0226,Nicolas Benitez,2006-09-19,VZ,OF,S,R,2024-07-02,178000.0,2025-04-05
INT-0227,Nicolas Sato,2001-03-23,Panama,RHP,R,R,2018-07-02,98000.0,2025-05-14
INT-0228,Daichi Lee,2002-03-07,Venezuela,C,R,R,2020-07-02,35000.0,2025-02-15
INT-0229,Alejandro Martinez 2,2006-03-02,Dominican Republic,C,R,R,2024-07-02,279000.0,2025-08-10
INT-0230,Marco Lee,2005-06-27,Dominican Republic,RHP,S,R,2021-07-02,69000.0,2025-09-24
INT-0231,Mateo Yamamoto,2002-08-21,Japan,IF,R,R,2021-07-02,294000.0,2025-01-23
INT-0232,Seong-hyun Mendez,2000-11-05,Dominican Republic,OF,R,R,2018-07-02,60000.0,2025-05-04
INT-0233,Ji-ho Dominguez,2001-03-21,Mexico,LHP,L,L,2019-07-02,34000.0,2025-07-03
INT-0234,Luis Nakamura,1999-07-15,Panama,OF,R,R,2018-07-02,316000.0,2025-05-17
INT-0235,Santiago Dominguez,2004-09-22,Dominican Republic,LHP,R,L,2020-07-02,58000.0,2025-05-16
INT-0236,Mateo Lopez,1999-12-21,Mexico,C,L,R,2018-07-02,29000.0,2025-03-06
INT-0237,Seong-hyun Park 2,2006-06-15,Japan,RHP,R,R,2023-07-02,109000.0,2025-06-02
INT-0238,Emilio Lee,2005-03-21,Venezuela,C,R,R,2021-07-02,94000.0,2025-03-12
INT-0239,Gabriel Park 2,2001-12-13,Venezuela,IF,R,R,2019-07-02,111000.0,2025-04-12
INT-0240,Seong-hyun Dominguez,2001-12-07,Venezuela,IF,R,R,2018-07-02,73000.0,2025-02-11
INT-0241,Hector Torres,2000-02-09,Dominican Republic,RHP,S,R,2018-07-02,134000.0,2025-07-04
INT-0242,Emilio Estrada,2004-08-15,Panama,IF,R,R,2023-07-02,14000.0,2025-04-26
INT-0243,Gabriel Estrada,2005-08-09,Panama,LHP,R,L,2024-07-02,40000.0,2025-05-15
INT-0244,Daniel Tanaka,2006-03-07,Venezuela,RHP,R,R,2025-07-02,68000.0,2025-06-02
INT-0245,Diego Vargas,2003-05-10,Japan,IF,L,R,2021-07-02,25000.0,2025-07-09
INT-0246,Ren Castillo,2000-12-23,Dominican Republic,RHP,R,R,2018-07-02,51000.0,2025-01-26
INT-0247,Takeshi Han,2000-02-13,Dominican Republic,OF,R,L,2019-07-02,43000.0,2025-02-22
INT-0248,Takeshi Mendez,2000-04-26,Dominican Republic,IF,R,R,2018-07-02,249000.0,2025-03-04
INT-0249,Felix Quintero,2000-08-19,Venezuela,OF,R,R,2018-07-02,328000.0,2025-02-02
INT-0250,Kaito Herrera 2,2007-02-06,Dominican Republic,IF,R,R,2025-07-02,70000.0,2025-08-18
INT-0251,Daniel Garcia,2004-10-18,Panama,RHP,L,R,2022-07-02,10000.0,2025-03-03
INT-0252,Min-jun Kim 2,2003-10-13,Dominican Republic,OF,R,R,2021-07-02,32000.0,2025-04-11
INT-0253,Isaac Nakamura 2,2000-04-12,Venezuela,IF,L,R,2018-07-02,67000.0,2025-04-07
INT-0254,Javier Herrera,2005-08-25,Panamá,IF,L,R,2021-07-02,81000.0,2025-04-21
INT-0255,Emilio Mendez,2005-12-22,Venezuela,IF,L,R,2021-07-02,69000.0,2025-05-17
INT-0256,Emilio Estrada 2,2001-08-22,Dominican Republic,RHP,R,R,2018-07-02,138000.0,2025-02-20
INT-0257,Andres Ramirez 2,1999-10-15,Dominican Republic,OF,L,R,2018-07-02,10000.0,2025-03-06
INT-0258,Esteban Dominguez,2006-10-15,Japan,OF,S,L,2023-07-02,53000.0,2025-02-23
INT-0259,Javier Rojas,2001-02-09,Venezuela,RHP,L,R,2018-07-02,31000.0,2025-01-19
INT-0260,Rafael Martinez,1999-12-08,Japan,RHP,L,R,2018-07-02,153000.0,2025-07-19
INT-0261,Ji-ho Jimenez 2,2007-04-22,DOM,RHP,R,R,2024-07-02,85000.0,2025-07-26
INT-0262,Carlos Perez,2005-01-08,Colombia,RHP,R,R,2023-07-02,55000.0,2025-06-05
INT-0263,Luis Mendez,2002-08-01,Dominican Republic,OF,L,R,2020-07-02,106000.0,2025-08-04
INT-0264,Javier Fernandez,2006-01-22,Venezuela,RHP,L,R,2025-07-02,118000.0,2025-01-19
INT-0265,Esteban Dominguez 2,2006-08-09,Dominican Republic,RHP,R,R,2025-07-02,16000.0,2025-07-10
INT-0266,Ren Alvarez,2005-04-23,Venezuela,OF,L,R,2022-07-02,119000.0,2025-06-08
INT-0267,Gabriel Garcia,2003-09-06,Dominican Republic,IF,S,R,2021-07-02,84000.0,2025-03-25
INT-0268,Seong-hyun Quintero,2006-06-03,Japan,OF,L,R,2022-07-02,103000.0,2025-09-16
INT-0269,Haruto Estrada,2004-01-23,South Korea,LHP,L,L,2021-07-02,41000.0,2025-02-04
INT-0270,Ji-ho Lee,2001-08-10,Japan,RHP,R,R,2018-07-02,10000.0,2025-05-26
INT-0271,Esteban Lopez,2004-11-26,Venezuela,LHP,R,L,2022-07-02,88000.0,2025-03-22
INT-0272,Santiago Han 3,2003-07-12,Venezuela,OF,R,R,2020-07-02,29000.0,2025-02-02
INT-0273,Adrian Castillo,1999-06-23,Japan,RHP,R,L,2018-07-02,10000.0,2025-03-17
INT-0274,Diego Sato,2003-10-05,Japan,IF,R,R,2020-07-02,36000.0,2025-01-03
INT-0275,Diego Garcia,2000-06-02,Mexico,IF,R,R,2018-07-02,338000.0,2025-01-27
INT-0276,Isaac Kim,2000-01-04,Venezuela,C,R,R,2019-07-02,10000.0,2025-03-02
INT-0277,Carlos Quintero,2006-08-12,Colombia,IF,R,R,2023-07-02,-5000.0,2025-09-12
INT-0278,Ji-ho Yamamoto,2000-11-26,South Korea,IF,R,R,2018-07-02,307000.0,2025-01-07
INT-0279,Luis Navarro 2,2004-11-22,Venezuela,IF,R,R,2021-07-02,105000.0,2025-05-19
INT-0280,Seong-hyun Lee,2001-05-25,Mexico,OF,R,R,2018-07-02,10000.0,2025-09-13
INT-0281,Rafael Tanaka,2000-05-08,Japan,LHP,L,L,2018-07-02,10000.0,2025-04-04
INT-0282,Isaac Ramirez 2,2006-11-01,Colombia,RHP,R,L,2022-07-02,89000.0,2025-01-08
INT-0283,Daniel Choi,2003-03-16,Colombia,IF,R,R,2021-07-02,37000.0,2025-03-27
INT-0284,Takeshi Alvarez,2006-01-20,South Korea,OF,R,L,2022-07-02,98000.0,2025-01-24
INT-0285,Seong-hyun Park 3,2006-07-20,Mexico,RHP,R,R,2022-07-02,36000.0,2025-04-17
INT-0286,Andres Lee,2001-11-14,Dominican Republic,OF,R,R,2018-07-02,77000.0,2025-07-25
INT-0287,Jorge Park,2007-12-13,Mexico,IF,R,R,2023-07-02,176000.0,2025-03-08
INT-0288,Min-jun Garcia 2,1999-11-05,Dominican Republic,LHP,L,L,2018-07-02,22000.0,2025-08-16
INT-0289,Takeshi Alvarez 2,2004-10-08,Dominican Republic,OF,L,R,2023-07-02,218000.0,2025-04-08
INT-0290,Kaito Kim,2002-04-14,South Korea,IF,R,R,2019-07-02,26000.0,2025-07-12
INT-0291,Ji-ho Park,2001-07-08,Colombia,OF,L,R,2018-07-02,232000.0,2025-03-21
INT-0292,Ji-ho Garcia 2,2007-01-26,Venezuela,IF,L,R,2025-07-02,10000.0,2025-04-24
INT-0293,Kenji Perez 2,2004-08-27,Mexico,RHP,R,L,2022-07-02,39000.0,2025-06-20
INT-0294,Carlos Mendez,2007-10-25,,OF,L,R,2025-07-02,71000.0,2025-06-11
INT-0295,Ji-ho Torres,2007-02-11,Venezuela,RHP,R,R,2025-07-02,35000.0,2025-03-22
INT-0296,Santiago Herrera,2001-04-10,MEX,RHP,R,R,2020-07-02,37000.0,2025-09-27
INT-0297,Diego Dominguez,2004-07-08,Cuba,OF,S,R,2021-07-02,17000.0,2025-04-14
INT-0298,Mateo Yamamoto 2,2006-03-08,Venezuela,OF,R,R,2025-07-02,287000.0,2025-09-04
INT-0299,Esteban Lopez 2,2004-05-04,Venezuela,LHP,L,L,2023-07-02,48000.0,2025-06-11
INT-0300,Rafael Nakamura,2007-05-04,Colombia,OF,L,R,2024-07-02,23000.0,2025-03-02
INT-0301,Marco Mendez,2001-12-07,Cuba,OF,S,R,2018-07-02,142000.0,2025-05-04
INT-0302,Esteban Herrera 2,2002-08-11,Dominican Republic,RHP,R,R,2019-07-02,16000.0,2025-08-09
INT-0303,Gabriel Rojas,2005-06-04,Mexico,LHP,L,L,2024-07-02,95000.0,2025-02-06
INT-0304,Emilio Dominguez,2005-05-13,Panamá,IF,R,R,2023-07-02,52000.0,2025-07-01
INT-0305,Carlos Park 2,2005-10-08,Dominican Republic,RHP,R,R,2022-07-02,94000.0,2025-05-06
INT-0306,Min-jun Martinez,2007-06-19,Dominican Republic,RHP,L,R,2025-07-02,44000.0,2025-03-12
INT-0307,Hector Garcia 3,1999-07-24,Dominican Republic,LHP,S,L,2018-07-02,18000.0,2025-04-09
INT-0308,Daichi Vargas 2,1999-09-01,Dominican Republic,RHP,R,L,2018-07-02,85000.0,2025-06-17
INT-0309,Isaac Ortega 2,2004-02-22,D.R.,IF,R,R,2022-07-02,37000.0,2025-07-24
INT-0310,Andres Herrera,2003-01-03,Mexico,IF,L,R,2019-07-02,24000.0,2025-09-27
INT-0311,Rafael Kim,2002-09-12,Cuba,OF,L,R,2021-07-02,127000.0,2025-07-23
INT-0312,Min-jun Lee,2004-09-03,Panama,RHP,R,L,2023-07-02,115000.0,2025-02-07
INT-0313,Marco Nakamura,2004-03-13,South Korea,C,R,R,2020-07-02,38000.0,2025-07-09
INT-0314,Rafael Garcia,2005-06-05,Dominican Republic,C,S,R,2024-07-02,39000.0,2025-02-27
INT-0315,Marco Martinez,2006-01-12,Dominican Republic,RHP,S,L,2025-07-02,71000.0,2025-04-19
INT-0316,Haruto Park,2003-09-17,South Korea,C,S,R,2019-07-02,157000.0,2025-04-15
INT-0317,Ren Quintero 2,2007-05-17,Panama,RHP,R,R,2025-07-02,29000.0,2025-05-18
INT-0318,Marco Kim,2000-01-08,Venezuela,LHP,L,L,2018-07-02,45000.0,2025-08-17
INT-0319,Santiago Quintero 2,2006-02-24,South Korea,IF,R,R,2024-07-02,87000.0,2025-08-23
INT-0320,Takeshi Kim,2004-01-15,Mexico,IF,L,R,2022-07-02,20000.0,2025-04-17
INT-0008,Carlos Castillo,2005-02-25,Japan,C,R,R,2023-07-02,79000.0,2025-06-10
